Nombre video CRM,ID,Nombre video,Tipo
-,https://www.instagram.com/herasmedia/reel/DCXCnvIv0H7/,https://www.instagram.com/herasmedia/reel/DCXCnvIv0H7/,Instagram
-,https://www.instagram.com/herasmedia/reel/C7uJE3vMnNC/,https://www.instagram.com/herasmedia/reel/C7uJE3vMnNC/,Instagram
-,https://www.instagram.com/herasmedia/reel/DB1j-GcNw47/,https://www.instagram.com/herasmedia/reel/DB1j-GcNw47/,Instagram
-,https://www.instagram.com/herasmedia/reel/C_Ls-ywt-pn/,https://www.instagram.com/herasmedia/reel/C_Ls-ywt-pn/,Instagram
-,https://www.instagram.com/herasmedia/reel/C_GvyyntwLf/,https://www.instagram.com/herasmedia/reel/C_GvyyntwLf/,Instagram
-,https://www.instagram.com/herasmedia/reel/C-0b5oetdPL/,https://www.instagram.com/herasmedia/reel/C-0b5oetdPL/,Instagram
-,https://www.instagram.com/herasmedia/reel/C8KFAm0O2jI/,https://www.instagram.com/herasmedia/reel/C8KFAm0O2jI/,Instagram
-,https://www.instagram.com/herasmedia/reel/DAbI31guc6R/,https://www.instagram.com/herasmedia/reel/DAbI31guc6R/,Instagram
-,https://www.instagram.com/herasmedia/reel/C9aW038O_rY/,https://www.instagram.com/herasmedia/reel/C9aW038O_rY/,Instagram
-,https://www.instagram.com/herasmedia/reel/C9sUg-utiD7/,https://www.instagram.com/herasmedia/reel/C9sUg-utiD7/,Instagram
-,https://www.instagram.com/herasmedia/reel/C8FVt_ZuC6B/,https://www.instagram.com/herasmedia/reel/C8FVt_ZuC6B/,Instagram
-,https://www.instagram.com/herasmedia/reel/DAi0mz5OHvO/,https://www.instagram.com/herasmedia/reel/DAi0mz5OHvO/,Instagram
-,https://www.instagram.com/herasmedia/reel/C7hTsI-JDDp/,https://www.instagram.com/herasmedia/reel/C7hTsI-JDDp/,Instagram
-,https://www.instagram.com/herasmedia/reel/C-IjweJN0dW/,https://www.instagram.com/herasmedia/reel/C-IjweJN0dW/,Instagram
-,https://www.instagram.com/herasmedia/reel/C8AS8ZQPp8S/,https://www.instagram.com/herasmedia/reel/C8AS8ZQPp8S/,Instagram
-,https://www.instagram.com/herasmedia/reel/DARJXKLPFS1/,https://www.instagram.com/herasmedia/reel/DARJXKLPFS1/,Instagram
-,https://www.instagram.com/herasmedia/reel/C_v3juPPJ9-/,https://www.instagram.com/herasmedia/reel/C_v3juPPJ9-/,Instagram
-,https://www.instagram.com/herasmedia/reel/DBEnGJNPAxj/,https://www.instagram.com/herasmedia/reel/DBEnGJNPAxj/,Instagram
-,https://www.instagram.com/herasmedia/reel/C7cMxvxpj0B/,https://www.instagram.com/herasmedia/reel/C7cMxvxpj0B/,Instagram
-,https://www.instagram.com/herasmedia/reel/C7mk8SWvDS9/,https://www.instagram.com/herasmedia/reel/C7mk8SWvDS9/,Instagram
-,https://www.instagram.com/herasmedia/reel/DAtoumMv3KS/,https://www.instagram.com/herasmedia/reel/DAtoumMv3KS/,Instagram
-,https://www.instagram.com/herasmedia/reel/C92l08-ts7u/,https://www.instagram.com/herasmedia/reel/C92l08-ts7u/,Instagram
-,https://www.instagram.com/herasmedia/reel/DCCkqMPvxbw/,https://www.instagram.com/herasmedia/reel/DCCkqMPvxbw/,Instagram
-,https://www.instagram.com/herasmedia/reel/DCMxgSBPLIU/,https://www.instagram.com/herasmedia/reel/DCMxgSBPLIU/,Instagram
-,https://www.instagram.com/herasmedia/reel/C90CxdrNBd4/,https://www.instagram.com/herasmedia/reel/C90CxdrNBd4/,Instagram
-,https://www.instagram.com/herasmedia/reel/C9AhJKuucQW/,https://www.instagram.com/herasmedia/reel/C9AhJKuucQW/,Instagram
-,https://www.instagram.com/herasmedia/reel/C9fhnLkunvc/,https://www.instagram.com/herasmedia/reel/C9fhnLkunvc/,Instagram
-,https://www.instagram.com/herasmedia/reel/DCpT3T2vOOd/,https://www.instagram.com/herasmedia/reel/DCpT3T2vOOd/,Instagram
-,https://www.instagram.com/herasmedia/reel/C__Pa0JvbRp/,https://www.instagram.com/herasmedia/reel/C__Pa0JvbRp/,Instagram
-,https://www.instagram.com/herasmedia/reel/C8SPUhCuvh9/,https://www.instagram.com/herasmedia/reel/C8SPUhCuvh9/,Instagram
-,https://www.instagram.com/herasmedia/reel/DB61uDXN5bB/,https://www.instagram.com/herasmedia/reel/DB61uDXN5bB/,Instagram
-,https://www.instagram.com/herasmedia/reel/C--xhAcNfII/,https://www.instagram.com/herasmedia/reel/C--xhAcNfII/,Instagram
-,https://www.instagram.com/herasmedia/reel/C74bo8Cuham/,https://www.instagram.com/herasmedia/reel/C74bo8Cuham/,Instagram
-,https://www.instagram.com/herasmedia/reel/C7zV8ceOAtJ/,https://www.instagram.com/herasmedia/reel/C7zV8ceOAtJ/,Instagram
-,https://www.instagram.com/herasmedia/reel/C-szAIFt1hS/,https://www.instagram.com/herasmedia/reel/C-szAIFt1hS/,Instagram
-,https://www.instagram.com/herasmedia/reel/C_iv-USusFv/,https://www.instagram.com/herasmedia/reel/C_iv-USusFv/,Instagram
-,https://www.instagram.com/herasmedia/reel/C-5m_-mIrVY/,https://www.instagram.com/herasmedia/reel/C-5m_-mIrVY/,Instagram
-,https://www.instagram.com/herasmedia/reel/DAxxAenPU-9/,https://www.instagram.com/herasmedia/reel/DAxxAenPU-9/,Instagram
-,https://www.instagram.com/herasmedia/reel/DAEb9rzvE3R/,https://www.instagram.com/herasmedia/reel/DAEb9rzvE3R/,Instagram
-,https://www.instagram.com/herasmedia/reel/C_dyw3BPfXY/,https://www.instagram.com/herasmedia/reel/C_dyw3BPfXY/,Instagram
-,https://www.instagram.com/herasmedia/reel/C8u2EK4vHqG/,https://www.instagram.com/herasmedia/reel/C8u2EK4vHqG/,Instagram
-,https://www.instagram.com/herasmedia/reel/C9NcJ8AunC4/,https://www.instagram.com/herasmedia/reel/C9NcJ8AunC4/,Instagram
-,https://www.instagram.com/herasmedia/reel/C_YkHz8tU_L/,https://www.instagram.com/herasmedia/reel/C_YkHz8tU_L/,Instagram
-,XZV-BjuJZgE,C√≥mo Conseguir Seguidores en Instagram en 2024 | Curso GRATIS +3 Horas,Youtube
-,TU9sTDL4P9g,C√≥mo Grabar Reels Virales en Instagram ( Gu√≠a Completa ),Youtube
-,YFUp1wUakCg,V√≠ctor Heras Live Stream,Youtube
-,Ceu0l44RTqU,Como Ganar 3.000‚Ç¨ en 7 Dias con INSTAGRAM | Gu√≠a Completa,Youtube
-,bqx-Firn3g0,C√≥mo crear Reels que no paren de hacerse¬†Viral,Youtube
-,Ie1grcWkVZ4,C√≥mo CONSEGUIR tus Primeros 1000 SEGUIDORES en INSTAGRAM,Youtube
-,3EtwVE-sgRc,C√≥mo hacer V√≠deos VIRALES para Crecer tu Cuenta de INSTAGRAM,Youtube
-,GbavuA_jqmw,C√≥mo GANAR (mucho) Dinero con Instagram con pocos seguidores,Youtube
-,P-XCHr8oO1Y,21 ERRORES que est√°n reduciendo tu Alcance en INSTAGRAM,Youtube
-,rKGI9U1eR78,El ALGORITMO de Instagram ha cambiado (Hazte¬†VIRAL as√≠),Youtube
-,Pj3kr0l5y9Y,He Subido 11.000 V√≠deos a Instagram y esto es lo que he Aprendido,Youtube
-,z0T6BXCB8go,La √önica Raz√≥n por la que NO CRECES en Instagram,Youtube
-,iWfXMu4f-zs,C√≥mo Editar un Reel Viral en Instagram ( Gu√≠a Completa ),Youtube
-,1fKPFLTYva8,Ganar dinero con Instagram era dif√≠cil hasta que aprend√≠ esto,Youtube
-,vn9c4oIy_4o,Este chico gan√≥ 200.000‚Ç¨ con esta estrategia de Instagram,Youtube
-,FUtYQkyGtZM,C√≥mo Ganar Seguidores en Instagram en 2024 | Nueva Formula,Youtube
-,sS1SRVNpLkk,Como GANAR 100.000 SEGUIDORES en 100 d√≠as en INSTAGRAM I Copia Mi Estrategia,Youtube
-,Qf1ykPXWqw0,C√≥mo Empezar en INSTAGRAM desde 0 en 2024 ( Gu√≠a Completa ),Youtube
-,lOx__bZnIZ0,C√≥mo Empezar Tu MARCA PERSONAL en 2024 I Gu√≠a Actualizada,Youtube
-,X7aqtwZexI4,C√≥mo GANAR 30.000 SEGUIDORES en 30 D√≠as en INSTAGRAM I Gu√≠a Completa,Youtube
-,ywflJFMKGCU,"Me he gastado $150,000 en un Aston Martin",Youtube
-,CPxj8nqbAOA,Hice 1.700.000 ‚Ç¨ con 23 A√±os para que t√∫ puedas copiarme,Youtube
-,IAJgs20_p2U,Esto No me gusta pero me da 10.000‚Ç¨ al mes,Youtube
-,I2J0rUgHtj8,C√≥mo hacer 10.000‚Ç¨ al Mes con REDES SOCIALES (Gu√≠a Exacta),Youtube
-,PwSlMTXQLig,40 minutos hablando de c√≥mo Ganar (MUCHO) Dinero,Youtube
-,TYMYk3gwIbs,Porque Novatos est√°n Ganando m√°s dinero que T√∫,Youtube
-,gwL26mlr3LU,La F√ìRMULA EXACTA para hacerte VIRAL en Redes Sociales,Youtube
-,XPCRAlW8qDc,C√≥mo crear Instagram Stories en 2024 (Gu√≠a completa),Youtube
-,-zYg_FdCg0A,Gana Dinero haciendo VIRALES para OTROS en Redes Sociales,Youtube
-,pLH3avh7kY4,C√≥mo Crear una Marca Personal en 2024 | Gu√≠a Completa,Youtube
-,coDllF91tJE,La Gu√≠a Definitiva Para Ganar¬†5.000‚Ç¨¬†al mes en 2024,Youtube
-,uk6nAbTkkN4,CoÃÅmo Crear un Reel Viral en 2024 (Nuevo M√©todo),Youtube
-,ORlQGXdDvaI,C√≥mo Ganar tus Primeros 10.000‚Ç¨ Siendo Joven,Youtube
-,lserZPIx0Qg,Como Recuperar El Control De Tu Vida,Youtube
-,O83j-reUsHY,C√≥mo Ganar Dinero con Redes Sociales SIN Subir V√≠deos,Youtube
-,qFYhVDQ-lKQ,C√≥mo hacerte millonario/rico siendo joven (Gu√≠a completa),Youtube
-,H67MU353lOY,Gu√≠a Completa Para Crecer Seguidores en Instagram en 2024,Youtube
-,s91U3rjTuL8,C√≥mo dominar al 99% de las personas,Youtube
-,Oq3t747Cmv0,C√≥mo Ser un Hombre del Top 1%,Youtube
-,UXNiBHnLxTY,7 Principios Que Me Hicieron Ganar 1.000.000¬†‚Ç¨,Youtube
-,KNFdYQxzkWw,Un d√≠a en la vida de uno de mis alumnos que paso de 0‚Ç¨ a 10.000‚Ç¨ al mes,Youtube
-,4UDy86QVin0,C√≥mo Este Chico Gan√≥ 60.000 ‚Ç¨ con 22 A√±os,Youtube
-,hIsc2tYgvFU,Si est√°s Estudiando Tienes que Ver este¬†V√≠deo ...,Youtube
-,H9YcyiEETwE,C√≥mo J√≥venes est√°n generando 5.000‚Ç¨ / mes con redes sociales (Sin subir V√≠deos),Youtube
-,jhS3AOgqsk0,Mi Vida en Miami con 23 A√±os,Youtube
-,y0RF72wkEN4,7 Cosas que Aprend√≠ de Ganar 1.000.000‚Ç¨ con 23 a√±os,Youtube
-,z3p6T2dPBmg,CoÃÅmo Crecer En TikTok Desde Cero (2023) ¬°Y Ganar Seguidores SIN bailar!,Youtube
-,FoKMw-A8EBM,Trucos Para Hacer Viral un Reel en Instagram en 2024,Youtube
-,ksmYPOsdDVQ,C√≥mo Crear 300 Reels de Instagram en 30 Minutos con Inteligencia Artificial,Youtube
-,DRTugWcNxyw,¬øPodr√° THREADS acabar con Twitter?,Youtube
-,CjI9XKAfVKU,Le rob√© el Instagram a Euge Oller... ü•∑,Youtube
-,_LpB73KtWt0,Me Compr√© Este COCHE Con 23 A√ëOS (+60.000‚Ç¨),Youtube
-,pyVb-SfPLpU,C√≥mo Crear Una Agencia De Marketing Digital (Tutorial Completo),Youtube
-,fdFuAy_1Q3A,C√≥mo Ganar DINERO con el Trabajo de Otros,Youtube
-,b71QXPppYyI,C√≥mo Ganar 3.000‚Ç¨ Al Mes Con Redes Sociales (Sin Subir V√≠deos),Youtube
-,9H_WPkcg5D8,C√≥mo Empezar Tu Agencia De Marketing Digital en 2024 [Gu√≠a Completa],Youtube
-,OlsT9HyJqGA,Solo s√© hacer esto y GANO 500.000‚Ç¨,Youtube
-,YdojKf-zBcg,La Rutina Diaria de un Empresario de 20 a√±os,Youtube
-,izsPz8cct9I,REVELO C√≥mo Hacer Historias De IG ¬°3X En Tus Vistas!,Youtube
-,-lU_sSJkzdA,C√≥mo Crecer En Instagram 2024 ¬°Gana Seguidores ORG√ÅNICOS!,Youtube
-,wEP1tAv4_Kw,C√≥mo Hackear El Algoritmo de Instagram 2023 (S√ìLO 3 Pasos),Youtube
-,8KI04kXk37g,Descubre C√≥mo Crear Reels VIRALES En Instagram/FB/Tiktok (Sin Audios En Tendencia),Youtube
-,jRmvU-zYiy8,REVELO C√≥mo Gan√© +148.653‚Ç¨ ¬°Con 1 Historia De IG!,Youtube
-,rykQyCpWDvU,Como Ganar 3000 SEGUIDORES en INSTAGRAM (2023),Youtube
-,8ifMGhaS4P0,C√≥mo Crecer En Instagram R√°pido en 2023 (7 Trucos ORG√ÅNICOS),Youtube
-,VINltQYwwGo,C√≥mo CONSEGUIR +1000 SEGUIDORES R√ÅPIDO en Instagram,Youtube
-,miVaegIyje0,5 Formas De GANAR DINERO Con INSTAGRAM (Sin seguidores),Youtube
-,Lu1FJHY5HRU,Mis 5 FUENTES de INGRESO con 23 A√ëOS,Youtube
-,UW8Il8erko4,Reto 100.000 Seguidores en 90 D√≠as con PowerExplosive,Youtube
-,B-WWUZQwv5w,As√≠ Pas√© De Hacer Pizzas A Ganar 500.000‚Ç¨ al A√±o,Youtube
-,laaO0fdh6No,Como √âl Pas√≥ de 7k a 200k seguidores en 15 d√≠as (Sin Anuncios),Youtube
-,JKGA_-SjkYA,Este M√âTODO me hizo ganar +500.000 SEGUIDORES (M√°ster Marca Personal),Youtube
-,wNLfAslUIew,Un Desconocido Vive como un CEO Millonario por un D√≠a,Youtube
-,6NFhcHMXLDo,De 0 a 2100‚Ç¨ al Mes con 17 A√±os en 45 D√≠as (Jan Bastardas),Youtube
-,aaFJDRNRzE8,C√≥mo Vende Casas de 2.500.000‚Ç¨ por Instagram (Alvaro Gonzalez),Youtube
-,XdI82Msv_Y4,El secreto del √©xito de Google,Youtube
-,qcET0_04BCI,Carlos Mu√±oz me INVITA a su evento,Youtube
-,SVaHayG1zEk,100.000 SEGUIDORES en 15 D√çAS *Reto extremo*,Youtube
-,l1jaA3ZQQb4,3 pasos para EMPRENDER sin DINERO,Youtube
-,3nOli1TUiO0,Qu√© HACER ANTES de los 25 A√ëOS ¬øEmprender? ¬øEstudiar?,Youtube
-,puTEwdXMX0M,Hice un ANUNCIO de LA CASA DE PAPEL,Youtube
-,ZQ8Og_NdXiw,Invertir 1 MILL√ìN de EUROS  *Trucos*,Youtube
-,xB3dohia14U,¬øHay EMPRENDEDORES en BARCELONA?,Youtube
