,ID_Video,Titulos,Likes,Visitas,Comentarios,Fecha
1,XZV-BjuJZgE,C√≥mo Conseguir Seguidores en Instagram en 2024 | Curso GRATIS +3 Horas,936,17987,40,2024-11-11
2,TU9sTDL4P9g,C√≥mo Grabar Reels Virales en Instagram ( Gu√≠a Completa ),535,9295,39,2024-11-01
3,YFUp1wUakCg,V√≠ctor Heras Live Stream,0,0,0,2024-10-09
4,Ceu0l44RTqU,Como Ganar 3.000‚Ç¨ en 7 Dias con INSTAGRAM | Gu√≠a Completa,469,9314,41,2024-10-07
5,bqx-Firn3g0,C√≥mo crear Reels que no paren de hacerse¬†Viral,1747,33726,64,2024-10-01
6,Ie1grcWkVZ4,C√≥mo CONSEGUIR tus Primeros 1000 SEGUIDORES en INSTAGRAM,1106,21353,119,2024-09-23
7,3EtwVE-sgRc,C√≥mo hacer V√≠deos VIRALES para Crecer tu Cuenta de INSTAGRAM,1074,21182,49,2024-09-16
8,GbavuA_jqmw,C√≥mo GANAR (mucho) Dinero con Instagram con pocos seguidores,885,17974,63,2024-09-12
9,P-XCHr8oO1Y,21 ERRORES que est√°n reduciendo tu Alcance en INSTAGRAM,622,10857,34,2024-09-08
10,rKGI9U1eR78,El ALGORITMO de Instagram ha cambiado (Hazte¬†VIRAL as√≠),3588,72657,159,2024-09-05
11,Pj3kr0l5y9Y,He Subido 11.000 V√≠deos a Instagram y esto es lo que he Aprendido,419,7504,23,2024-09-01
12,z0T6BXCB8go,La √önica Raz√≥n por la que NO CRECES en Instagram,711,11098,37,2024-08-25
13,iWfXMu4f-zs,C√≥mo Editar un Reel Viral en Instagram ( Gu√≠a Completa ),2646,42251,96,2024-08-22
14,1fKPFLTYva8,Ganar dinero con Instagram era dif√≠cil hasta que aprend√≠ esto,822,15574,34,2024-08-18
15,vn9c4oIy_4o,Este chico gan√≥ 200.000‚Ç¨ con esta estrategia de Instagram,536,10977,32,2024-07-21
16,FUtYQkyGtZM,C√≥mo Ganar Seguidores en Instagram en 2024 | Nueva Formula,856,18421,57,2024-07-14
17,sS1SRVNpLkk,Como GANAR 100.000 SEGUIDORES en 100 d√≠as en INSTAGRAM I Copia Mi Estrategia,735,15486,49,2024-07-04
18,Qf1ykPXWqw0,C√≥mo Empezar en INSTAGRAM desde 0 en 2024 ( Gu√≠a Completa ),2836,50763,119,2024-06-27
19,lOx__bZnIZ0,C√≥mo Empezar Tu MARCA PERSONAL en 2024 I Gu√≠a Actualizada,3279,66783,122,2024-06-20
20,X7aqtwZexI4,C√≥mo GANAR 30.000 SEGUIDORES en 30 D√≠as en INSTAGRAM I Gu√≠a Completa,5757,105586,186,2024-06-16
21,ywflJFMKGCU,"Me he gastado $150,000 en un Aston Martin",151,4016,21,2024-06-10
22,CPxj8nqbAOA,Hice 1.700.000 ‚Ç¨ con 23 A√±os para que t√∫ puedas copiarme,473,9218,40,2024-05-30
23,IAJgs20_p2U,Esto No me gusta pero me da 10.000‚Ç¨ al mes,592,10856,42,2024-05-26
24,I2J0rUgHtj8,C√≥mo hacer 10.000‚Ç¨ al Mes con REDES SOCIALES (Gu√≠a Exacta),1184,24367,57,2024-05-16
25,PwSlMTXQLig,40 minutos hablando de c√≥mo Ganar (MUCHO) Dinero,974,14837,85,2024-05-12
26,TYMYk3gwIbs,Porque Novatos est√°n Ganando m√°s dinero que T√∫,662,12256,43,2024-04-11
27,gwL26mlr3LU,La F√ìRMULA EXACTA para hacerte VIRAL en Redes Sociales,2396,47247,102,2024-04-08
28,XPCRAlW8qDc,C√≥mo crear Instagram Stories en 2024 (Gu√≠a completa),2951,59512,90,2024-04-01
29,-zYg_FdCg0A,Gana Dinero haciendo VIRALES para OTROS en Redes Sociales,683,13222,40,2024-03-21
30,pLH3avh7kY4,C√≥mo Crear una Marca Personal en 2024 | Gu√≠a Completa,14288,228820,354,2024-03-10
31,coDllF91tJE,La Gu√≠a Definitiva Para Ganar¬†5.000‚Ç¨¬†al mes en 2024,741,14148,45,2024-02-05
32,uk6nAbTkkN4,CoÃÅmo Crear un Reel Viral en 2024 (Nuevo M√©todo),19739,314178,526,2024-01-24
33,ORlQGXdDvaI,C√≥mo Ganar tus Primeros 10.000‚Ç¨ Siendo Joven,345,6379,17,2024-01-20
34,lserZPIx0Qg,Como Recuperar El Control De Tu Vida,429,5856,48,2024-01-15
35,O83j-reUsHY,C√≥mo Ganar Dinero con Redes Sociales SIN Subir V√≠deos,3101,72317,156,2024-01-07
36,qFYhVDQ-lKQ,C√≥mo hacerte millonario/rico siendo joven (Gu√≠a completa),840,12433,57,2023-12-27
37,H67MU353lOY,Gu√≠a Completa Para Crecer Seguidores en Instagram en 2024,6969,116137,223,2023-12-22
38,s91U3rjTuL8,C√≥mo dominar al 99% de las personas,224,4349,17,2023-12-19
39,Oq3t747Cmv0,C√≥mo Ser un Hombre del Top 1%,299,4300,12,2023-12-17
40,UXNiBHnLxTY,7 Principios Que Me Hicieron Ganar 1.000.000¬†‚Ç¨,225,2629,14,2023-12-11
41,KNFdYQxzkWw,Un d√≠a en la vida de uno de mis alumnos que paso de 0‚Ç¨ a 10.000‚Ç¨ al mes,166,3058,5,2023-11-26
42,4UDy86QVin0,C√≥mo Este Chico Gan√≥ 60.000 ‚Ç¨ con 22 A√±os,73,1801,3,2023-11-12
43,hIsc2tYgvFU,Si est√°s Estudiando Tienes que Ver este¬†V√≠deo ...,89,1604,11,2023-11-09
44,H9YcyiEETwE,C√≥mo J√≥venes est√°n generando 5.000‚Ç¨ / mes con redes sociales (Sin subir V√≠deos),274,6040,16,2023-11-07
45,jhS3AOgqsk0,Mi Vida en Miami con 23 A√±os,100,2184,3,2023-11-02
46,y0RF72wkEN4,7 Cosas que Aprend√≠ de Ganar 1.000.000‚Ç¨ con 23 a√±os,388,8132,39,2023-10-30
47,z3p6T2dPBmg,CoÃÅmo Crecer En TikTok Desde Cero (2023) ¬°Y Ganar Seguidores SIN bailar!,1124,23280,40,2023-08-20
48,FoKMw-A8EBM,Trucos Para Hacer Viral un Reel en Instagram en 2024,8207,227263,202,2023-08-13
49,ksmYPOsdDVQ,C√≥mo Crear 300 Reels de Instagram en 30 Minutos con Inteligencia Artificial,2703,100985,82,2023-07-27
50,DRTugWcNxyw,¬øPodr√° THREADS acabar con Twitter?,104,1540,11,2023-07-20
51,CjI9XKAfVKU,Le rob√© el Instagram a Euge Oller... ü•∑,183,3314,11,2023-07-12
52,_LpB73KtWt0,Me Compr√© Este COCHE Con 23 A√ëOS (+60.000‚Ç¨),138,3718,26,2023-07-06
53,pyVb-SfPLpU,C√≥mo Crear Una Agencia De Marketing Digital (Tutorial Completo),2327,48025,140,2023-06-25
54,fdFuAy_1Q3A,C√≥mo Ganar DINERO con el Trabajo de Otros,138,2478,7,2023-06-18
55,b71QXPppYyI,C√≥mo Ganar 3.000‚Ç¨ Al Mes Con Redes Sociales (Sin Subir V√≠deos),244,4076,13,2023-06-11
56,9H_WPkcg5D8,C√≥mo Empezar Tu Agencia De Marketing Digital en 2024 [Gu√≠a Completa],2082,36570,141,2023-06-08
57,OlsT9HyJqGA,Solo s√© hacer esto y GANO 500.000‚Ç¨,139,2145,8,2023-05-31
58,YdojKf-zBcg,La Rutina Diaria de un Empresario de 20 a√±os,143,2457,8,2023-05-28
59,izsPz8cct9I,REVELO C√≥mo Hacer Historias De IG ¬°3X En Tus Vistas!,1450,40003,49,2023-05-07
60,-lU_sSJkzdA,C√≥mo Crecer En Instagram 2024 ¬°Gana Seguidores ORG√ÅNICOS!,8980,219301,215,2023-05-04
61,wEP1tAv4_Kw,C√≥mo Hackear El Algoritmo de Instagram 2023 (S√ìLO 3 Pasos),219,4762,11,2023-04-27
62,8KI04kXk37g,Descubre C√≥mo Crear Reels VIRALES En Instagram/FB/Tiktok (Sin Audios En Tendencia),1571,23704,41,2023-04-23
63,jRmvU-zYiy8,REVELO C√≥mo Gan√© +148.653‚Ç¨ ¬°Con 1 Historia De IG!,443,6895,18,2023-04-16
64,rykQyCpWDvU,Como Ganar 3000 SEGUIDORES en INSTAGRAM (2023),190,3034,13,2023-04-12
65,8ifMGhaS4P0,C√≥mo Crecer En Instagram R√°pido en 2023 (7 Trucos ORG√ÅNICOS),586,10468,25,2023-04-10
66,VINltQYwwGo,C√≥mo CONSEGUIR +1000 SEGUIDORES R√ÅPIDO en Instagram,237,5307,23,2023-04-05
67,miVaegIyje0,5 Formas De GANAR DINERO Con INSTAGRAM (Sin seguidores),142,2387,7,2023-04-02
68,Lu1FJHY5HRU,Mis 5 FUENTES de INGRESO con 23 A√ëOS,150,2124,19,2023-03-30
69,UW8Il8erko4,Reto 100.000 Seguidores en 90 D√≠as con PowerExplosive,128,2140,17,2023-03-26
70,B-WWUZQwv5w,As√≠ Pas√© De Hacer Pizzas A Ganar 500.000‚Ç¨ al A√±o,180,2563,28,2023-03-19
71,laaO0fdh6No,Como √âl Pas√≥ de 7k a 200k seguidores en 15 d√≠as (Sin Anuncios),399,6228,21,2023-03-09
72,JKGA_-SjkYA,Este M√âTODO me hizo ganar +500.000 SEGUIDORES (M√°ster Marca Personal),333,8479,15,2023-03-05
73,wNLfAslUIew,Un Desconocido Vive como un CEO Millonario por un D√≠a,32,1561,3,2022-11-12
74,6NFhcHMXLDo,De 0 a 2100‚Ç¨ al Mes con 17 A√±os en 45 D√≠as (Jan Bastardas),176,3159,10,2022-11-10
75,aaFJDRNRzE8,C√≥mo Vende Casas de 2.500.000‚Ç¨ por Instagram (Alvaro Gonzalez),52,1118,2,2022-11-02
76,XdI82Msv_Y4,El secreto del √©xito de Google,30,427,1,2022-10-07
77,qcET0_04BCI,Carlos Mu√±oz me INVITA a su evento,44,1197,8,2022-02-08
78,SVaHayG1zEk,100.000 SEGUIDORES en 15 D√çAS *Reto extremo*,105,3563,9,2021-10-13
79,l1jaA3ZQQb4,3 pasos para EMPRENDER sin DINERO,171,2343,7,2021-10-04
80,3nOli1TUiO0,Qu√© HACER ANTES de los 25 A√ëOS ¬øEmprender? ¬øEstudiar?,305,3795,13,2021-09-13
81,puTEwdXMX0M,Hice un ANUNCIO de LA CASA DE PAPEL,62,943,2,2021-09-05
82,ZQ8Og_NdXiw,Invertir 1 MILL√ìN de EUROS  *Trucos*,54,1282,4,2021-08-30
83,xB3dohia14U,¬øHay EMPRENDEDORES en BARCELONA?,81,1470,14,2021-08-23
